Price,Close,High,Low,Open,Volume
Ticker,CMRY.JK,CMRY.JK,CMRY.JK,CMRY.JK,CMRY.JK
Date,,,,,
2022-01-03,2935.238525390625,3088.7740790264425,2935.238525390625,3070.7110727163463,4736100
2022-01-04,3007.490478515625,3070.7109990850226,2935.2384550077422,2935.2384550077422,5850200
2022-01-05,3016.521728515625,3034.584732877994,2989.4272219720715,3034.584732877994,2918300
2022-01-06,3016.521728515625,3043.6162350591785,2989.4272219720715,3016.521728515625,3711600
2022-01-07,3043.61669921875,3070.711209894288,3016.522188543212,3016.522188543212,8400800
2022-01-10,3079.74267578125,3079.74267578125,3025.553655093017,3043.6166619890946,5991000
2022-01-11,3142.96337890625,3161.026386830999,3079.7428511696303,3079.7428511696303,2417200
2022-01-12,3088.77392578125,3161.025947436952,3079.742423074287,3151.994444729989,866600
2022-01-13,3052.648193359375,3088.774207481971,3034.585186298077,3088.774207481971,599300
2022-01-14,3088.77392578125,3133.931439316064,3043.6164122464365,3052.6479149533993,1682900
2022-01-17,3106.837158203125,3115.868661569995,3043.6166346350383,3088.774151469386,481100
2022-01-18,3088.77392578125,3115.8684339021383,3070.710920367325,3106.8369311951756,1567800
2022-01-19,3097.80517578125,3115.8681797216655,3043.6161639600036,3088.773673811042,2541900
2022-01-20,3106.837158203125,3115.868661569995,3079.7426481025163,3106.837158203125,316200
2022-01-21,3025.553466796875,3106.836992770522,2935.2384379372666,3106.836992770522,1021400
2022-01-24,2817.8291015625,3016.522179236779,2817.8291015625,3016.522179236779,5162500
2022-01-25,2808.797607421875,2899.112643030295,2709.4510682526125,2817.829110982717,9174500
2022-01-26,2826.86083984375,2844.923848405052,2745.5773013178914,2808.797831282448,424000
2022-01-27,2844.923583984375,2881.049597749256,2817.829073660714,2826.8605771019343,330100
2022-01-28,2799.765869140625,2853.9548859627016,2799.765869140625,2844.9233831590223,496100
2022-01-31,2799.765869140625,2835.891880355343,2754.6083551222277,2799.765869140625,133200
2022-02-02,2962.3330078125,2980.396013957698,2790.7344494331173,2799.7659525057165,2556700
2022-02-03,2872.017822265625,2971.3643507087754,2844.923314508402,2971.3643507087754,957500
2022-02-04,2872.017822265625,2890.080827437107,2862.986319679884,2872.017822265625,1676900
2022-02-07,2890.0810546875,2908.1440612792967,2872.0180480957033,2872.0180480957033,316000
2022-02-08,2826.86083984375,2890.0813698083066,2799.766327001797,2844.923848405052,2037000
2022-02-09,2917.17529296875,2971.3643076988196,2826.860268418634,2826.860268418634,1578600
2022-02-10,2944.27001953125,2962.333025786043,2908.144007021664,2917.1755101490603,893900
2022-02-11,3079.74267578125,3115.8686895734054,2944.2701240606675,2944.2701240606675,2014800
2022-02-14,3070.711181640625,3106.8371955422795,2989.4276503619026,3079.7426851160385,817800
2022-02-15,3070.711181640625,3106.8371955422795,3016.522160788143,3070.711181640625,1022600
2022-02-16,3070.711181640625,3079.7426851160385,3070.711181640625,3079.7426851160385,803100
2022-02-17,3133.931640625,3142.9631439121035,3070.7111176152735,3070.7111176152735,1000900
2022-02-18,3341.65625,3477.128800675676,3115.8686655405404,3133.931672297297,6654700
2022-02-21,3486.16015625,3567.443683209197,3287.4670903497413,3341.6561083225392,6259300
2022-02-22,3395.844970703125,3486.1599965196974,3287.466939723238,3477.1284939380403,4381500
2022-02-23,3350.6875,3450.034029649596,3323.5929919137466,3341.6559973045823,653000
2022-02-24,3251.341064453125,3422.9396206325955,3197.1520467122396,3350.6875969780813,3220000
2022-02-25,3170.057373046875,3287.4669053819443,3161.025870559562,3251.3408954326924,1044600
2022-03-01,3341.65625,3522.2863175675675,3133.931672297297,3170.0576858108107,3369300
2022-03-02,3233.278076171875,3341.656112244675,3170.0575551294082,3341.656112244675,930500
2022-03-04,3233.278076171875,3314.561603226475,3170.0575551294082,3233.278076171875,4119100
2022-03-07,3052.648193359375,3197.1522498497598,3007.49067570613,3197.1522498497598,4241400
2022-03-08,3043.61669921875,3142.963238362389,2989.4276778676744,3052.6482027772627,5640300
2022-03-09,3070.711181640625,3197.1522302964154,3016.522160788143,3043.616671214384,2238900
2022-03-10,3233.278076171875,3242.309579177942,3034.5850100384077,3043.6165130444747,1667300
2022-03-11,3305.5302734375,3341.6562873548496,3206.1837351647882,3206.1837351647882,524700
2022-03-14,3206.18359375,3305.530127640845,3170.0575814260565,3305.530127640845,647600
2022-03-15,3161.0263671875,3206.1838867187503,3142.963359375,3206.1838867187503,1351600
2022-03-16,3188.12060546875,3197.1521086003895,3161.0260960738315,3161.0260960738315,67000
2022-03-17,3179.0888671875,3224.246379505504,3142.9628573330965,3142.9628573330965,220800
2022-03-18,3179.0888671875,3188.1203696511006,3161.0258622602983,3179.0888671875,340200
2022-03-21,3170.057373046875,3233.2778904580664,3151.994368072249,3179.088875534188,872300
2022-03-22,3161.0263671875,3197.1523828125,3097.80583984375,3170.0578710937502,3036300
2022-03-23,3170.057373046875,3179.088875534188,3133.931363097623,3161.025870559562,2487400
2022-03-24,3124.900146484375,3170.057663052068,3079.742629916682,3170.057663052068,2025300
2022-03-25,3070.711181640625,3124.9002024931065,2998.459153837316,3124.9002024931065,3057400
2022-03-28,3142.96337890625,3206.18390664287,3079.7428511696303,3088.7743551320045,3772300
2022-03-29,3034.5849609375,3161.0260009765625,3025.553458077567,3161.0260009765625,2215300
2022-03-30,3142.96337890625,3233.278418529993,2998.4593155082616,3052.6483392825075,5461500
2022-03-31,3161.0263671875,3206.1838867187503,3142.963359375,3151.99486328125,2360000
2022-04-01,3124.900146484375,3170.057663052068,3088.7741332302203,3170.057663052068,1111500
2022-04-04,3061.6796875,3142.963219026549,3034.5851769911505,3142.963219026549,2527900
2022-04-05,3070.711181640625,3115.868699017693,3052.6481746897975,3070.711181640625,1726700
2022-04-06,3070.711181640625,3097.8056920668655,3052.6481746897975,3070.711181640625,1293800
2022-04-07,3206.18359375,3269.4041153169014,3070.711047535211,3070.711047535211,1495700
2022-04-08,3206.18359375,3251.3411091549297,3197.152090669014,3206.18359375,323700
2022-04-11,3233.278076171875,3251.3410821840084,3197.152064147608,3206.183567153675,718100
2022-04-12,3251.341064453125,3477.128638373481,3233.278058539496,3278.4355733235675,1223300
2022-04-13,3332.624755859375,3404.8767830866786,3251.3412252286585,3269.4042320354843,1156700
2022-04-14,3323.593017578125,3341.656023108441,3188.1204761007557,3341.656023108441,492000
2022-04-18,3296.498779296875,3359.7193038313358,3251.34126177226,3323.593289811644,192300
2022-04-19,3377.781982421875,3377.781982421875,3233.2779403931318,3296.4984587807066,1319600
2022-04-20,3558.412353515625,3603.569870692219,3350.6877745032916,3350.6877745032916,2020300
2022-04-21,3730.0107421875,3919.6723053495766,3549.380682033142,3558.4121850408596,2632600
2022-04-22,3730.0107421875,4009.9873354267556,3612.601203087167,3730.0107421875,2146000
2022-04-25,3766.13671875,3901.609262589928,3657.7586836780574,3730.0107070593526,2117400
2022-04-26,3757.10546875,4136.42861703726,3757.10546875,3766.1369722806494,3132000
2022-04-27,3630.664306640625,3784.199861896572,3558.412280637827,3757.1053521455224,2560600
2022-04-28,3693.884521484375,3802.2625514545766,3576.4749890166563,3630.6640040017573,3319200
2022-05-09,3730.0107421875,3865.4832873032688,3693.8847301566284,3693.8847301566284,1148900
2022-05-10,3612.60107421875,3793.2311279296873,3504.2230419921875,3730.0106091308594,2353000
2022-05-11,3603.56982421875,3675.821850769502,3603.56982421875,3612.601327537594,770900
2022-05-12,3450.0341796875,3603.569732186682,3431.9711735111255,3603.569732186682,407100
2022-05-13,3639.69580078125,3675.82181369223,3450.0342329986042,3477.1287426818394,2848900
2022-05-17,3757.10546875,3838.3890005258413,3612.6014122596157,3612.6014122596157,2279100
2022-05-18,3793.2314453125,3838.388962518601,3711.947914341518,3739.0424246651783,3381700
2022-05-19,3793.2314453125,3820.3259556361604,3730.010921223958,3793.2314453125,3108300
2022-05-20,3702.916259765625,3811.294296636814,3702.916259765625,3793.2312904916157,3132000
2022-05-23,3865.483154296875,3964.8296839633836,3702.9161057516794,3702.9161057516794,2496700
2022-05-24,3874.514892578125,3883.546395824228,3793.2313633631993,3865.483389332022,2627900
2022-05-25,3612.60107421875,3874.5146520996095,3612.60107421875,3874.5146520996095,2448100
2022-05-27,3748.073974609375,3838.389010142131,3612.601421310241,3612.601421310241,4668700
2022-05-30,3748.073974609375,3802.262995929029,3702.916456842997,3748.073974609375,1763500
2022-05-31,3513.25439453125,3748.073454319971,3513.25439453125,3748.073454319971,10384500
2022-06-02,3522.286376953125,3594.5384051983174,3459.065852238582,3486.160362830529,2514700
2022-06-03,3531.317626953125,3585.5066442465236,3522.286124070892,3576.4751413642903,1423500
2022-06-06,3558.412353515625,3603.569870692219,3477.1288225977555,3522.2863397743495,771000
2022-06-07,3576.4755859375,3612.6016019570707,3522.286561908144,3567.4440819326073,595500
2022-06-08,3612.60107421875,3630.664079589844,3603.569571533203,3612.60107421875,208100
2022-06-09,3522.286376953125,3648.727426382212,3513.254873422476,3621.6329157902646,2107900
2022-06-10,3431.970947265625,3522.285972193668,3431.970947265625,3522.285972193668,683600
2022-06-13,3431.970947265625,3477.1284597296462,3422.939444772821,3431.970947265625,2473500
2022-06-14,3431.970947265625,3477.1284597296462,3251.3408974095396,3441.0024497584295,1644400
2022-06-15,3341.65625,3459.0657939189186,3341.65625,3431.9712837837837,2019700
2022-06-16,3431.970947265625,3495.191464715255,3341.655922337582,3350.6874248303866,2578400
2022-06-17,3468.09716796875,3468.09716796875,3395.8451436360674,3431.9711558024087,1713000
2022-06-20,3443.314453125,3544.31834375,3379.0392500000003,3525.954,2538200
2022-06-21,3452.496826171875,3516.772033042096,3415.768136531749,3443.3146537618436,221000
2022-06-22,3424.9501953125,3544.3184326826404,3415.7680232071043,3452.496711628686,1845200
2022-06-23,3764.6904296875,3902.4230063833843,3424.9500738376523,3424.9500738376523,4762700
2022-06-24,3847.330078125,3847.330078125,3691.2331537142004,3764.690529907518,1487900
2022-06-27,3764.6904296875,3847.3299757050304,3654.5043683307927,3847.3299757050304,3113800
2022-06-28,3838.14794921875,3865.6944656007026,3755.5084000728916,3764.6905722002093,1233200
2022-06-29,3847.330078125,3874.876594197494,3819.7835620525057,3838.1479061008354,536500
2022-06-30,3856.512451171875,3902.423313685826,3737.144208635603,3847.330278669085,3072700
2022-07-01,3838.14794921875,3865.6944656007026,3783.0549164548447,3856.5122934733854,458200
2022-07-04,3636.14013671875,3847.330094154435,3636.14013671875,3838.1479220920137,507900
2022-07-05,3525.9541015625,3645.322339375814,3507.589757283529,3636.140167236328,1074800
2022-07-06,3617.776123046875,3617.776123046875,3480.0435295298616,3525.954394035533,1772600
2022-07-07,3581.047119140625,3626.957979642428,3544.318430739183,3617.7758075420675,753700
2022-07-08,3581.047119140625,3626.957979642428,3516.7719144381012,3590.2292912409857,520800
2022-07-11,3727.961669921875,3746.3260131234606,3599.411267510776,3599.411267510776,430300
2022-07-12,3636.14013671875,3764.6905455926453,3626.957964656329,3737.144029405382,121100
2022-07-13,3590.229248046875,3691.2331399356617,3571.8649040670957,3636.1401079963234,172300
2022-07-14,3590.229248046875,3682.050967945772,3581.047076056985,3590.229248046875,1755300
2022-07-15,3663.686767578125,3672.868939927945,3571.8650440799265,3590.2293887795663,3246600
2022-07-18,3654.504638671875,3700.415500966748,3608.593776377002,3672.868983589824,2373800
2022-07-19,3691.233154296875,3700.4153263224894,3654.5044661944185,3654.5044661944185,647300
2022-07-20,3654.504638671875,3764.69070817957,3617.7759488359766,3691.233328507773,2962600
2022-07-21,3672.868896484375,3682.051068725586,3626.9580352783205,3654.504552001953,691100
2022-07-22,3691.233154296875,3691.233154296875,3636.14012214319,3682.050982271261,148700
2022-07-25,4049.33837890625,4076.8848984906463,3709.597970698696,3709.597970698696,5242600
2022-07-26,4040.15576171875,4058.520106090199,3911.6053511186083,4058.520106090199,3732600
2022-07-27,4030.973388671875,4223.798994963696,4012.6090452155113,4040.1555604000573,1343400
2022-07-28,4095.249267578125,4122.795787315197,4012.6097083669074,4012.6097083669074,1954500
2022-07-29,4104.43115234375,4113.613324944072,4086.066807143107,4095.2489797434287,759100
2022-08-01,4104.43115234375,4131.9776701447145,4040.155944141499,4104.43115234375,322300
2022-08-02,4086.06640625,4131.977264747191,3874.8764571629213,4113.612921348315,1335100
2022-08-03,4040.15576171875,4150.341827947444,3957.51621204723,4076.8844504616477,615500
2022-08-04,4131.9775390625,4131.9775390625,4003.427126736111,4040.155815972222,2604200
2022-08-05,4067.701904296875,4177.88796039521,4040.1553902722912,4131.977103687571,638500
2022-08-08,4058.519775390625,4104.430632578302,4012.608918202948,4067.70194682816,628400
2022-08-09,4030.973388671875,4067.702075584603,3975.8803583027834,4058.519903856421,791100
2022-08-10,3966.697998046875,4040.1553683810766,3966.697998046875,4030.9731970893013,447200
2022-08-11,4021.791259765625,4040.1556034175233,3994.2447442877783,3994.2447442877783,1146000
2022-08-12,3902.423095703125,4021.791331571691,3893.240923713235,4021.791331571691,590500
2022-08-15,3975.88037109375,4030.9734016400835,3856.5121382433604,3893.2408252742493,1647400
2022-08-16,4095.249267578125,4306.4392522290145,3994.2453618755258,3994.2453618755258,964700
2022-08-18,4131.9775390625,4131.9775390625,4021.7914713541663,4095.248849826389,920700
2022-08-19,4040.15576171875,4122.79531139027,4040.15576171875,4095.248794833097,397400
2022-08-22,4040.15576171875,4049.3379339044745,4003.4270729758523,4030.9735895330255,627200
2022-08-23,4021.791259765625,4131.977321677012,3985.0625724618294,4104.430806199165,938600
2022-08-24,4012.60888671875,4040.1554008152175,3994.2445439877715,4003.4267153532605,2128000
2022-08-25,4003.427490234375,4076.8848753762904,3911.605758806981,4067.702702233551,2017400
2022-08-26,3948.333984375,4040.1557049418607,3920.787468204942,4040.1557049418607,1804000
2022-08-29,4012.60888671875,4021.791058084239,3847.3298021399455,3929.9693444293475,501800
2022-08-30,4021.791259765625,4040.1556034175233,3957.5160569839827,3994.2447442877783,1478400
2022-08-31,4012.60888671875,4040.1554008152175,3948.333687160326,4021.791058084239,4198100
2022-09-01,4030.973388671875,4049.337732128239,4003.4268734873294,4021.791216943693,2003300
2022-09-02,4040.15576171875,4040.15576171875,3957.51621204723,4030.9735895330255,1757300
2022-09-05,3985.0625,4040.155529953917,3902.4229550691243,4040.155529953917,1485400
2022-09-06,3893.240966796875,3985.0626877118953,3884.0587947053727,3985.0626877118953,2018600
2022-09-07,3828.9658203125,3948.334059315048,3773.8727869267086,3874.876681467326,4718900
2022-09-08,3792.237060546875,3865.694437022359,3773.872716428004,3838.147920844053,3697900
2022-09-09,3856.512451171875,3865.6946236746653,3764.6907261439733,3792.2372436523438,895600
2022-09-12,3838.14794921875,3902.423154109973,3801.4192607094797,3902.423154109973,311100
2022-09-13,3856.512451171875,3874.8767961774556,3828.9659336635045,3874.8767961774556,589700
2022-09-14,3920.787353515625,3939.1516970918105,3810.6012920585117,3856.5121509989754,455000
2022-09-15,3994.244873046875,4030.973561534662,3856.512291217672,3920.7874960713,621200
2022-09-16,4003.427490234375,4003.427490234375,3884.0592393787633,3994.245317091636,398500
2022-09-19,4021.791259765625,4086.0664625472677,3920.787369680187,4012.609087939676,462100
2022-09-20,4040.15576171875,4067.7022782759236,3948.334039861506,4021.7914173473014,241200
2022-09-21,4040.15576171875,4040.15576171875,3948.334039861506,4040.15576171875,339500
2022-09-22,3985.0625,4030.9733582949307,3902.4229550691243,4030.9733582949307,318200
2022-09-23,4086.06640625,4086.06640625,3902.422972261236,3902.422972261236,14584000
2022-09-26,3994.244873046875,4086.066594266343,3920.7874960713,4086.066594266343,360200
2022-09-27,4003.427490234375,4086.06704851903,3929.97010509246,4040.1561828053327,680900
2022-09-28,3902.423095703125,4040.1556755514707,3902.423095703125,4040.1556755514707,868700
2022-09-29,3985.0625,4003.4268433179723,3902.4229550691243,3902.4229550691243,1213800
2022-09-30,4040.15576171875,4040.15576171875,3902.4231789328837,3985.0627286044037,2114500
2022-10-03,4030.973388671875,4040.1555604000573,3985.0625300309657,3985.0625300309657,553600
2022-10-04,3994.244873046875,4086.066594266343,3948.3340124371407,4030.973561534662,843200
2022-10-05,4067.701904296875,4067.701904296875,3902.4228201493725,3994.2445335646516,13301000
2022-10-06,4086.06640625,4131.977264747191,4067.7020628511236,4067.7020628511236,2079500
2022-10-07,4021.791259765625,4086.0664625472677,3957.5160569839827,4076.884290721319,460000
2022-10-10,4030.973388671875,4040.1555604000573,3929.9694996618737,4021.791216943693,705200
2022-10-11,3948.333984375,4095.248737281977,3948.333984375,4030.9735328851743,686600
2022-10-12,3994.244873046875,4049.337905778556,3948.3340124371407,3948.3340124371407,638600
2022-10-13,4040.15576171875,4058.520106090199,3994.2449007901278,3994.2449007901278,819800
2022-10-14,4040.15576171875,4040.15576171875,3966.6983842329546,4040.15576171875,1423100
2022-10-17,3985.0625,4058.519873271889,3966.6981566820273,4030.9733582949307,1170600
2022-10-18,4040.15576171875,4076.8844504616477,3985.0627286044037,3985.0627286044037,412500
2022-10-19,4040.15576171875,4049.3379339044745,4030.9735895330255,4040.15576171875,84900
2022-10-20,4177.88818359375,4361.531620235234,4003.426918784341,4040.1556061126375,5765600
2022-10-21,4131.9775390625,4223.799262152777,4021.7914713541663,4205.434917534722,2297100
2022-10-24,4232.9814453125,4269.710134642761,4086.066687991459,4086.066687991459,479000
2022-10-25,4315.62060546875,4352.349291472739,4242.163233460771,4242.163233460771,1332500
2022-10-26,4150.341796875,4407.4426161504425,4150.341796875,4361.531755565542,1061000
2022-10-27,4086.06640625,4278.892011938202,4086.06640625,4177.888123244382,765100
2022-10-28,4086.06640625,4214.616810042135,4040.1555477528086,4104.430749648876,1423800
2022-10-31,4242.1640625,4260.528409090909,4086.0671164772725,4086.0671164772725,2648900
2022-11-01,4453.353515625,4912.462125483247,4242.1635550902065,4242.1635550902065,2818800
2022-11-02,4407.44287109375,4490.082424926758,4278.892454020182,4453.35373433431,1747700
2022-11-03,4407.44287109375,4535.993288167318,4324.803317260742,4398.260698445638,578400
2022-11-04,4324.80322265625,4444.171464470542,4278.8923604199845,4324.80322265625,369700
2022-11-07,4361.53173828125,4425.806942845395,4260.527845394737,4324.803049958881,556600
2022-11-08,4205.4345703125,4352.34931512691,4196.2523987616,4278.891942719705,1555300
2022-11-09,4187.07080078125,4232.981664824904,4150.342109546327,4205.435146398712,1483800
2022-11-10,4131.9775390625,4187.070572916667,4104.431022135416,4187.070572916667,1243800
2022-11-11,4131.9775390625,4269.710123697916,4086.066677517361,4141.159711371528,1511700
2022-11-14,4159.5234375,4223.79863410596,4086.0660699503314,4159.5234375,1812200
2022-11-15,4187.07080078125,4297.25687448602,4159.524282355058,4159.524282355058,874900
2022-11-16,4040.15576171875,4242.163549804688,3966.6983842329546,4187.070516690341,3576000
2022-11-17,4021.791259765625,4131.977321677012,4021.791259765625,4040.1556034175233,593300
2022-11-18,4205.4345703125,4269.709771168805,4049.3376539471888,4058.5198254980896,1199000
2022-11-21,4223.798828125,4260.527513586956,4131.977114470109,4205.434485394022,3930900
2022-11-22,4205.4345703125,4223.798913414302,4131.977197905295,4223.798913414302,989700
2022-11-23,4131.9775390625,4196.2527452256945,4104.431022135416,4196.2527452256945,1410600
2022-11-24,4141.16015625,4187.071022727273,4122.795809659091,4131.977982954545,1175400
2022-11-25,4177.88818359375,4196.252527257899,4122.795152601305,4141.1594962654535,321400
2022-11-28,4131.9775390625,4214.617089843749,4104.431022135416,4177.888400607639,578000
2022-11-29,4196.25244140625,4223.798956338895,4049.3376950988104,4168.705926473605,1031200
2022-11-30,4306.43896484375,4315.621137476679,4095.2489942863804,4159.524202716884,3120000
2022-12-01,4122.79541015625,4306.438858270114,4104.431065344864,4306.438858270114,1744800
2022-12-02,4104.43115234375,4177.8885331463225,4086.066807143107,4086.066807143107,605200
2022-12-05,4086.06640625,4122.795093047753,4021.7912043539322,4095.248577949438,2914500
2022-12-06,4223.798828125,4223.798828125,3801.4189453125,4086.066257642663,3959700
2022-12-07,4030.973388671875,4223.798994963696,3985.0625300309657,4223.798994963696,2268100
2022-12-08,3994.244873046875,4076.8844221443965,3948.3340124371407,4030.973561534662,2317300
2022-12-09,4095.249267578125,4131.977960560888,3994.2453618755258,3994.2453618755258,960700
2022-12-12,4196.25244140625,4214.61678469468,4040.1555234545954,4095.248553319885,554100
2022-12-13,4131.9775390625,4205.434917534722,4104.431022135416,4196.2527452256945,542800
2022-12-14,4067.701904296875,4223.79881710285,4067.701904296875,4131.977103687571,651200
2022-12-15,4214.6171875,4214.6171875,4067.702427151416,4086.066772194989,900200
2022-12-16,4131.9775390625,4223.799262152777,4086.066677517361,4223.799262152777,1301800
2022-12-19,4003.427490234375,4214.617472517381,4003.427490234375,4187.070953089163,2374100
2022-12-20,4150.341796875,4150.341796875,3994.2448708863385,4003.4270430033184,1269400
2022-12-21,4113.61279296875,4141.15930720738,4040.1554216657364,4141.15930720738,567900
2022-12-22,4095.249267578125,4113.613614069507,4012.6097083669074,4113.613614069507,1171000
2022-12-23,4003.427490234375,4095.2492216617693,4003.427490234375,4095.2492216617693,1110300
2022-12-26,4021.791259765625,4058.519947069421,3994.2447442877783,4003.426916113727,222200
2022-12-27,4040.15576171875,4049.3379339044745,3948.334039861506,4021.7914173473014,1237300
2022-12-28,3994.244873046875,4040.1557336566093,3948.3340124371407,4040.1557336566093,1148900
2022-12-29,3948.333984375,3994.2448446584303,3856.5122638081393,3994.2448446584303,909100
2022-12-30,3902.423095703125,3948.3339556525734,3874.876579733456,3948.3339556525734,112500
2023-01-02,4003.427490234375,4003.427490234375,3874.877066236024,3948.334451377939,244600
2023-01-03,3948.333984375,4012.609188771802,3920.787468204942,4003.427016715116,243100
2023-01-04,4040.15576171875,4040.15576171875,3920.7875233043324,3948.334039861506,701800
2023-01-05,3994.244873046875,4049.337905778556,3994.244873046875,4040.1557336566093,1081900
2023-01-06,3920.787353515625,4012.609071396553,3920.787353515625,4012.609071396553,620100
2023-01-09,3801.419189453125,3929.969596825936,3654.5044381699126,3902.4230809603337,2192400
2023-01-10,3810.601318359375,3920.7873805769955,3682.0509124388177,3801.4191465079066,1723300
2023-01-11,3810.601318359375,4040.1556146460844,3810.601318359375,3865.6943494681855,5328600
2023-01-12,3911.605712890625,3920.7878859255793,3828.966155576034,3884.059193785761,1655400
2023-01-13,3801.419189453125,3920.7874248707353,3801.419189453125,3911.6052529155345,1289900
2023-01-16,3856.512451171875,3874.8767961774556,3764.6907261439733,3838.148106166295,4985800
2023-01-17,3856.512451171875,3994.245038713728,3856.512451171875,3856.512451171875,1358400
2023-01-18,4040.15576171875,4040.15576171875,3911.6053511186083,3911.6053511186083,1163800
2023-01-19,4223.798828125,4223.798828125,3994.2445439877715,4040.1554008152175,3219500
2023-01-20,4269.7099609375,4333.985164650538,4086.0665217573924,4214.616929183468,6704700
2023-01-24,4306.43896484375,4306.43896484375,4150.342030083955,4269.710274312033,924800
2023-01-25,4306.43896484375,4352.349828008395,4242.163756413246,4306.43896484375,780700
2023-01-26,4306.43896484375,4352.349828008395,4269.710274312033,4306.43896484375,1552000
2023-01-27,4214.6171875,4306.438912717865,4168.706324891067,4297.256740196079,1104100
2023-01-30,4150.341796875,4214.61700169386,4086.0665920561396,4214.61700169386,331600
2023-01-31,4159.5234375,4168.705608443709,4113.612582781457,4168.705608443709,1030200
2023-02-01,4223.798828125,4315.620541779891,4131.977114470109,4168.705799932065,2094000
2023-02-02,4379.896484375,4379.896484375,4223.799544680293,4223.799544680293,1566400
2023-02-03,4581.90380859375,4659.952270263183,4379.896025449336,4379.896025449336,6367100
2023-02-06,4526.810546875,4581.903575843053,4416.6244889388945,4581.903575843053,984000
2023-02-07,4591.0859375,4591.0859375,4453.353359375,4526.810734375,1279200
2023-02-08,4728.818359375,4820.640075091019,4591.08578580097,4591.08578580097,1960100
2023-02-09,4659.95263671875,4682.908068426725,4591.086341594828,4682.908068426725,1892700
2023-02-10,4535.9931640625,4636.997060428264,4508.446646871837,4614.041629436046,2185000
2023-02-13,4499.26416015625,4545.175018933354,4490.081988400829,4535.992847177934,1705600
2023-02-14,4499.26416015625,4545.175018933354,4471.717644889987,4490.081988400829,1418000
2023-02-15,4480.89990234375,4591.085965516138,4480.89990234375,4499.264246205815,965300
2023-02-16,4563.53955078125,4572.721722915619,4480.900001571932,4545.175206512513,868300
2023-02-17,4545.17529296875,4591.086154513889,4526.810948350694,4591.086154513889,616600
2023-02-20,4591.0859375,4889.506523437501,4545.175078125,4554.35725,4628400
2023-02-21,4614.04150390625,4682.907795009329,4545.175212803171,4591.086073538558,4506500
2023-02-22,4591.0859375,4659.9522265625,4545.175078125,4636.996796875,3061600
2023-02-23,4682.90771484375,4728.818574793198,4554.357306985294,4591.085994944853,2404700
2023-02-24,4361.53173828125,4705.863191303453,4361.53173828125,4705.863191303453,1390300
2023-02-27,4058.519775390625,4343.1670899542205,4058.519775390625,4315.620575641615,3047300
2023-02-28,4086.06640625,4141.159436446629,3819.783426966292,4040.1555477528086,10100600
2023-03-01,4003.427490234375,4131.977914232727,3911.605758806981,4086.06704851903,3252400
2023-03-02,3957.5166015625,4104.431370994054,3957.5166015625,4003.4274670098607,2796900
2023-03-03,4030.973388671875,4205.434651507332,3957.5160148464197,3957.5160148464197,3593500
2023-03-06,4159.5234375,4214.616463162251,4067.7017280629143,4122.794753725166,1416900
2023-03-07,4058.519775390625,4177.888004078584,4058.519775390625,4168.705832641049,1662300
2023-03-08,4040.15576171875,4113.613139204545,4040.15576171875,4067.7022782759236,659000
2023-03-09,4012.60888671875,4067.7019149116845,3994.2445439877715,4067.7019149116845,595700
2023-03-10,4086.06640625,4113.612921348315,3994.2446892556177,4012.609032654494,1967700
2023-03-13,4086.06640625,4131.977264747191,3994.2446892556177,4086.06640625,643600
2023-03-14,4058.519775390625,4086.0662897032307,4012.608918202948,4086.0662897032307,1165100
2023-03-15,4177.88818359375,4214.6168709220465,4113.612980769231,4113.612980769231,1793800
2023-03-16,4242.1640625,4315.621448863636,4095.2492897727275,4187.071022727273,2330300
2023-03-17,4104.43115234375,4288.074604350182,4104.43115234375,4242.163741348574,2293700
2023-03-20,4095.249267578125,4223.799693017797,4030.974054858289,4104.431440823816,660400
2023-03-21,4104.43115234375,4177.8885331463225,4058.5202893421424,4095.2489797434287,346600
2023-03-24,4113.61279296875,4223.79884992327,4058.51976449149,4104.430621555874,183200
2023-03-27,4187.07080078125,4214.617319207443,4095.2490726939423,4113.613418311404,808400
2023-03-28,4269.7099609375,4278.892132896505,4187.070413306452,4223.799101142473,1150100
2023-03-29,4343.1669921875,4361.53133464918,4260.527451109936,4269.709622340777,1158800
2023-03-30,4232.9814453125,4343.167513303281,4214.61710064737,4343.167513303281,1184500
2023-03-31,4242.1640625,4343.16796875,4205.435369318182,4205.435369318182,1255900
2023-04-03,4168.70654296875,4297.2569649986235,4168.70654296875,4232.981753983687,852400
2023-04-04,4315.62060546875,4343.167119971742,4177.88803295379,4177.88803295379,1072200
2023-04-05,4288.07470703125,4343.167743952422,4278.892534211054,4315.6212254918355,462200
2023-04-06,4315.62060546875,4333.984948470745,4242.163233460771,4315.62060546875,621100
2023-04-10,4416.625,4416.625,4297.256756756757,4352.3497920997925,306700
2023-04-11,4214.6171875,4453.353673066449,4196.252842456427,4434.989328022876,1529800
2023-04-12,4333.9853515625,4379.896213337526,4214.617110947432,4288.074489787474,595500
2023-04-13,4306.43896484375,4333.985482742537,4278.892446944963,4333.985482742537,250600
2023-04-14,4315.62060546875,4370.713634474734,4288.074090965758,4306.438433967753,734400
2023-04-17,4297.255859375,4471.717101529113,4269.70934745593,4315.620200654381,661800
2023-04-18,4390.47265625,4437.080646231422,4287.9350782908705,4315.899872279724,344200
2023-04-26,4427.7587890625,4427.7587890625,4315.899619654605,4390.472399259868,645700
2023-04-27,4353.18603515625,4427.758815201753,4315.899645133499,4427.758815201753,1720600
2023-04-28,4427.7587890625,4427.7587890625,4325.221217105263,4362.507606907895,579600
2023-05-02,4353.18603515625,4474.366802730193,4353.18603515625,4427.758815201753,1489000
2023-05-03,4343.86474609375,4418.437531434415,4250.648764417919,4371.8295405965,420100
2023-05-04,4297.25634765625,4353.185931356765,4269.291555805992,4343.864334073346,381700
2023-05-05,4082.859619140625,4325.2211490439495,4073.538021836651,4315.899551739975,1179200
2023-05-08,4026.93017578125,4157.432542588976,3989.643785264757,4082.8597615559897,2213300
2023-05-09,4054.894775390625,4148.110747238685,4008.2867894665947,4064.216372575431,2850300
2023-05-10,4017.60888671875,4110.824870169301,3961.6792966484195,4092.181673479191,3303600
2023-05-11,3905.74951171875,4073.5382735586963,3849.819924438768,4017.6086862787142,4068000
2023-05-12,3998.965576171875,4054.8951646498035,3887.1063992160184,3896.4279972956733,2404800
2023-05-15,4157.43310546875,4166.754704359936,4017.609122100967,4054.895517665709,865500
2023-05-16,4185.3974609375,4269.29184211442,4101.503079760579,4176.075863028953,732300
2023-05-17,3998.965576171875,4194.719135844624,3971.0007819329107,4166.75434160566,2329600
2023-05-19,4054.894775390625,4073.537969760237,3998.965192281789,3998.965192281789,781400
2023-05-22,4101.5029296875,4148.110917524858,4054.894941850142,4054.894941850142,154300
2023-05-23,4082.859619140625,4138.789202964469,4073.538021836651,4101.502813748573,94900
2023-05-24,4101.5029296875,4148.110917524858,4026.930149147727,4092.1813321200284,352500
2023-05-25,4101.5029296875,4166.754112659802,4045.5733442826704,4101.5029296875,861900
2023-05-26,4092.181640625,4101.503238895217,4054.8952475441347,4101.503238895217,224600
2023-05-29,4045.5732421875,4092.1812288486462,4008.2868528585827,4092.1812288486462,355100
2023-05-30,3989.643798828125,4054.894982453819,3933.714212863245,4036.251787132192,1062800
2023-05-31,4036.25146484375,4148.110627841729,3971.0002864282624,3989.643480261259,4996500
2023-06-05,4036.25146484375,4138.789030925231,4008.2866740942554,4036.25146484375,668900
2023-06-06,4073.538330078125,4129.467918134118,4036.2519380407966,4045.5735360501285,599400
2023-06-07,4241.3271484375,4241.3271484375,4073.5383821256864,4073.5383821256864,1352000
2023-06-08,4148.11083984375,4241.326813772823,4101.502852879214,4222.683618987008,1282800
2023-06-09,4129.46728515625,4194.718461219667,4092.1808988342973,4166.753671478203,106600
2023-06-12,4101.5029296875,4185.397307794745,4082.859734552557,4129.467722389915,141100
2023-06-13,4026.93017578125,4110.824554443359,4008.2869805230034,4110.824554443359,648000
2023-06-14,4008.286865234375,4054.894852039426,3998.9652678733646,4036.2516573174053,1021400
2023-06-15,4008.286865234375,4045.5732546784157,3980.3220731513443,4045.5732546784157,330000
2023-06-16,3961.678955078125,4054.894930491728,3961.678955078125,4008.2869427849264,2396200
2023-06-19,3980.322021484375,4026.930007684426,3971.0004242443647,3998.965215964395,225400
2023-06-20,3971.00048828125,4008.2868778425764,3924.392501329592,3980.3220856715816,708300
2023-06-21,4017.60888671875,4026.930485063805,3971.0008949934745,3971.0008949934745,343100
2023-06-22,3961.678955078125,4017.6085403262864,3943.035759995404,4017.6085403262864,274200
2023-06-23,3868.462890625,3961.6788638930725,3868.462890625,3952.3572665662655,1485800
2023-06-26,3952.357421875,3961.6790195681015,3887.10623802329,3924.392628795696,369900
2023-06-27,3905.74951171875,3971.0006968787293,3905.74951171875,3961.679098998732,326900
2023-07-03,3924.392822265625,3961.6792148762247,3905.749625960325,3905.749625960325,499600
2023-07-04,3952.357421875,3980.3222149543044,3924.392628795696,3924.392628795696,234500
2023-07-05,3961.678955078125,4026.930137867647,3952.3573575367645,3989.6437477022055,814100
2023-07-06,3952.357421875,3989.643812647406,3915.0710311025946,3989.643812647406,371900
2023-07-07,4017.60888671875,4026.930485063805,3952.357698303364,3952.357698303364,623000
2023-07-10,4045.5732421875,4045.5732421875,3961.6788661974365,4008.2868528585827,796100
2023-07-11,4036.25146484375,4054.8946586767465,3933.7138987622693,4045.5730617602485,1098500
2023-07-12,4026.93017578125,4036.251773410373,3961.678992377387,4036.251773410373,341000
2023-07-13,3915.07080078125,4026.9299665178573,3915.07080078125,4026.9299665178573,734100
2023-07-14,3980.322021484375,3980.3220214843745,3915.070840804303,3924.392438044313,400200
2023-07-17,3915.07080078125,3980.321980794271,3905.749203636533,3961.6787865048364,1674500
2023-07-18,3887.106201171875,3980.3221772191623,3868.463005962418,3952.357384404976,616000
2023-07-20,3924.392822265625,3933.7144204182746,3887.1064296550253,3887.1064296550253,374600
2023-07-21,3896.427734375,3933.7141241776317,3887.106136924342,3933.7141241776317,477900
2023-07-24,3793.890380859375,3905.749556707809,3784.5687828720056,3896.427958720439,1355600
2023-07-25,3775.246826171875,3831.1764087818287,3728.63884066358,3793.8900203751928,2485900
2023-07-26,3728.638916015625,3784.568499755859,3700.6741241455074,3784.568499755859,2327800
2023-07-27,3682.031005859375,3728.6389932753164,3654.06621340981,3728.6389932753164,1398200
2023-07-28,3635.423095703125,3747.2822678786056,3635.423095703125,3682.031084109575,5134200
2023-07-31,3924.392822265625,3933.7144204182746,3644.7448776861265,3644.7448776861265,4516100
2023-08-01,3821.85498046875,3961.678943168826,3691.3526152820123,3915.070955602134,1041300
2023-08-02,3868.462890625,3952.3572665662655,3812.533306664157,3840.4980986445785,1070800
2023-08-03,3887.106201171875,3952.357384404976,3831.176615543503,3868.463005962418,1013500
2023-08-04,3868.462890625,3961.6788638930725,3812.533306664157,3905.749279932229,1241700
2023-08-07,3896.427734375,3961.6789165296054,3849.8197471217104,3849.8197471217104,570100
2023-08-08,3887.106201171875,3952.357384404976,3887.106201171875,3896.427798776604,570300
2023-08-09,3924.392822265625,3980.3224111815243,3877.7848315023753,3905.749625960325,701500
2023-08-10,3840.498291015625,3924.3926711591703,3821.8550954281704,3924.3926711591703,570100
2023-08-11,3803.2119140625,3840.4983053768383,3784.568718405331,3840.4983053768383,1211600
2023-08-14,3831.176513671875,3831.176513671875,3737.9605401032163,3803.2117216012775,546800
2023-08-15,3728.638916015625,3831.1764862060545,3700.6741241455074,3784.568499755859,1374200
2023-08-16,3737.96044921875,3775.2468377396353,3719.3172549583073,3737.96044921875,201800
2023-08-18,3709.99609375,3737.960888426507,3700.674495524497,3737.960888426507,1120600
2023-08-21,3728.638916015625,3784.568499755859,3691.3525268554686,3709.995721435547,1700000
2023-08-22,3793.890380859375,3821.8551748214836,3728.639194947789,3728.639194947789,798800
2023-08-23,3784.568603515625,3831.1765912436504,3747.282213333205,3793.89020106123,430000
2023-08-24,3765.925537109375,3821.8551242941676,3756.603939245243,3784.5687328376393,380900
2023-08-25,3709.99609375,3775.2472813285176,3700.674495524497,3756.6040848775124,664600
2023-08-28,3719.317626953125,3719.317626953125,3644.7448424528116,3709.996028890586,1408600
2023-08-29,3672.709716796875,3728.6393063927667,3672.709716796875,3728.6393063927667,2716600
2023-08-30,3719.317626953125,3737.9608230782032,3682.0312347029685,3691.3528327655076,2291700
2023-08-31,3747.2822265625,3784.5686168765546,3644.7446531988494,3728.639031405473,19513900
2023-09-01,3803.2119140625,3821.855109719669,3737.960729262408,3765.9255227481617,1010700
2023-09-04,3682.031005859375,3812.533370624011,3663.3878108929985,3803.2117731408225,1075400
2023-09-05,3495.598876953125,3728.6388020833333,3467.6340859375,3700.6740110677083,3491400
2023-09-06,3448.990966796875,3514.2421472497886,3290.5238142683697,3514.2421472497886,20079700
2023-09-07,3458.312744140625,3542.2071233785377,3448.9911464475235,3458.312744140625,2250100
2023-09-08,3514.242431640625,3560.8504214501822,3458.312843869156,3458.312843869156,1688900
2023-09-11,3644.74462890625,3700.674214004556,3514.24226367687,3514.24226367687,2265900
2023-09-12,3644.74462890625,3654.0662264226344,3560.8502512587916,3644.74462890625,1106200
2023-09-13,3616.77978515625,3700.67416161606,3598.1365903874034,3644.74457730952,990400
2023-09-14,3626.101806640625,3672.7097990138977,3598.1370112166614,3616.7802081659706,190700
2023-09-15,3588.815185546875,3644.744772854099,3551.528794008726,3644.744772854099,1764900
2023-09-18,3588.815185546875,3616.779979200487,3532.8855982396512,3588.815185546875,2958900
2023-09-19,3635.423095703125,3654.0662910657047,3588.8151072966743,3588.8151072966743,886000
2023-09-20,3588.815185546875,3654.0663707386366,3588.815185546875,3635.423174969562,955600
2023-09-21,3607.458251953125,3635.423044603924,3570.171861752059,3588.815056852592,788200
2023-09-22,3598.13671875,3654.0663050518137,3598.13671875,3616.779914183938,369000
2023-09-25,3598.13671875,3635.423109617876,3560.8503278821245,3598.13671875,1120800
2023-09-26,3635.423095703125,3644.744693384415,3598.1367049779647,3626.1014980218347,354200
2023-09-27,3626.101806640625,3654.066602064589,3579.4938142673523,3635.42340511528,519200
2023-09-29,3700.674072265625,3728.638863743703,3579.4933091939547,3616.779697831392,532000
2023-10-02,3635.423095703125,3719.3174748347355,3635.423095703125,3700.6742794721554,160300
2023-10-03,3635.423095703125,3663.387888746995,3560.8503142528043,3635.423095703125,1212100
2023-10-04,3570.171875,3626.1014605091386,3542.2070822454307,3607.4582653394255,2016900
2023-10-05,3579.493408203125,3626.1013952891035,3542.2070185343428,3560.850213368734,2414600
2023-10-06,3551.52880859375,3588.815200285023,3542.2072106709315,3579.4936023622045,671300
2023-10-09,3542.20703125,3588.8150185032896,3495.5990439967104,3551.528628700658,3452700
2023-10-10,3448.990966796875,3607.45811932538,3411.704577966638,3532.885341664907,1726300
2023-10-11,3495.598876953125,3523.56366796875,3421.0261009114583,3448.9908919270833,2323000
2023-10-12,3458.312744140625,3504.9207326061323,3439.6695487544225,3495.599134913031,3306600
2023-10-13,3635.423095703125,3728.6390725160254,3439.6695443960334,3439.6695443960334,6098600
2023-10-16,3682.031005859375,3756.603785724881,3579.4934335443036,3644.744615926622,990200
2023-10-17,3915.07080078125,4026.9299665178573,3691.352469308036,3709.9956635974704,4728700
2023-10-18,3859.1416015625,3961.679180347977,3803.212013134058,3933.714386133756,6281100
2023-10-19,3915.07080078125,3915.07080078125,3784.5684407552085,3859.1412179129466,1259600
2023-10-20,3775.246826171875,3905.7491855951002,3775.246826171875,3896.4275884934414,435000
2023-10-23,3672.709716796875,3821.8552890525857,3635.423323732947,3775.247297722676,741600
2023-10-24,3728.638916015625,3756.603707885742,3616.779748535156,3672.7093322753904,755800
2023-10-25,3747.2822265625,3756.603824141014,3672.7094459343907,3737.960628983986,381800
2023-10-26,3551.52880859375,3737.9607670501146,3523.564014825295,3737.9607670501146,2162600
2023-10-27,3458.312744140625,3616.779904923349,3411.704755675118,3551.528721071639,8467100
2023-10-30,3458.312744140625,3523.5639279923353,3439.6695487544225,3476.955939526828,11948200
2023-10-31,3523.56396484375,3542.207160424934,3458.3127803096063,3458.3127803096063,1786000
2023-11-01,3495.598876953125,3532.8852649739583,3458.3124889322917,3532.8852649739583,742900
2023-11-02,3570.171875,3588.8150701697127,3486.2774967362925,3495.599094321149,4849000
2023-11-03,3514.242431640625,3570.172019412094,3476.956039792979,3570.172019412094,1807900
2023-11-06,3514.242431640625,3560.8504214501822,3504.9208336787133,3504.9208336787133,1462000
2023-11-07,3458.312744140625,3514.242330299234,3448.9911464475235,3514.242330299234,1450000
2023-11-08,3411.70458984375,3467.6341732838114,3411.70458984375,3439.6693815637805,1646200
2023-11-09,3458.312744140625,3486.2775372199294,3374.4183649027123,3411.704755675118,909500
2023-11-10,3523.56396484375,3542.207160424934,3448.9911825190147,3458.3127803096063,595100
2023-11-13,3542.20703125,3588.8150185032896,3495.5990439967104,3542.20703125,465900
2023-11-14,3551.52880859375,3588.815200285023,3495.59922105684,3542.2072106709315,211200
2023-11-15,3551.52880859375,3672.709581590387,3514.242416902477,3523.564014825295,1389100
2023-11-16,3523.56396484375,3560.8503560061176,3495.5991714719744,3542.207160424934,348900
2023-11-17,3495.598876953125,3532.8852649739583,3495.598876953125,3532.8852649739583,539000
2023-11-20,3514.242431640625,3560.8504214501822,3486.2776377548903,3504.9208336787133,387700
2023-11-21,3467.63427734375,3523.563862462198,3467.63427734375,3523.563862462198,612300
2023-11-22,3495.598876953125,3514.2420709635417,3467.6340859375,3467.6340859375,1719500
2023-11-23,3486.27734375,3532.885329629011,3467.6341493983955,3495.5989409258023,346800
2023-11-24,3402.383056640625,3486.277433379709,3383.7398618097177,3486.277433379709,2214800
2023-11-27,3355.775146484375,3430.3479275173613,3309.167158338759,3430.3479275173613,1881500
2023-11-28,3448.990966796875,3476.9557584195522,3355.7749947212837,3355.7749947212837,1619100
2023-11-29,3318.48876953125,3448.9911368723665,3309.1671718640273,3448.9911368723665,1806800
2023-11-30,3337.132080078125,3411.704863990485,3281.2024921438547,3327.81048208908,1540000
2023-12-01,3346.453369140625,3393.0613547832518,3309.166980626523,3374.418160526201,1911800
2023-12-04,3309.1669921875,3346.453380831866,3281.2022007042256,3346.453380831866,1217600
2023-12-05,3421.0263671875,3448.991160379768,3318.4887921491822,3327.8103898799386,2409400
2023-12-06,3542.20703125,3691.3525904605262,3355.775082236842,3421.0262643914475,6170800
2023-12-07,3542.20703125,3607.4582134046054,3448.991056743421,3588.8150185032896,2376600
2023-12-08,3588.815185546875,3644.744772854099,3523.564000355114,3588.815185546875,3387700
2023-12-11,3691.3525390625,3719.317331025095,3542.2069819286617,3598.136565853851,4271000
2023-12-12,3747.2822265625,3775.2470192980413,3709.9958362484454,3709.9958362484454,4493700
2023-12-13,3905.74951171875,3961.679098998732,3756.6039456387975,3756.6039456387975,11709600
2023-12-14,3915.07080078125,3961.6787865048364,3803.2116350446427,3905.749203636533,4734000
2023-12-15,3868.462890625,3943.035669239458,3831.1765013177715,3915.0708772590365,1997500
2023-12-18,3765.925537109375,3915.071102935489,3728.6391456528463,3915.071102935489,1266900
2023-12-19,3719.317626953125,3812.5336075785167,3700.6744308280468,3765.9256172658206,825700
2023-12-20,3672.709716796875,3784.568895988658,3654.066520264911,3709.996109860803,2451100
2023-12-21,3598.13671875,3775.2470753724097,3560.8503278821245,3709.995891353627,1389400
2023-12-22,3607.458251953125,3616.7798495033912,3542.2070691012595,3542.2070691012595,1006800
2023-12-27,3719.317626953125,3765.9256172658206,3588.815254077577,3588.815254077577,2430200
2023-12-28,3719.317626953125,3775.2472153283597,3709.996028890586,3728.639225015664,3459000
2023-12-29,3737.96044921875,3737.96044921875,3691.3524635676436,3719.3172549583073,1888800
2024-01-02,3719.317626953125,3793.8904114534384,3691.3528327655076,3737.9608230782032,1469900
2024-01-03,3728.638916015625,3793.890097045898,3607.458151245117,3719.3173187255857,2353200
2024-01-04,3784.568603515625,3849.81978633486,3682.0310305139706,3728.6390182419955,972000
2024-01-05,3821.85498046875,3877.7845655487804,3756.603797875381,3877.7845655487804,1492900
2024-01-08,3728.638916015625,3793.890097045898,3672.7093322753904,3793.890097045898,1254900
2024-01-09,3803.2119140625,3868.4630988625922,3719.317533605239,3728.6391314338234,2197700
2024-01-10,3803.2119140625,3821.855109719669,3728.6391314338234,3803.2119140625,515800
2024-01-11,3728.638916015625,3803.2116943359374,3700.6741241455074,3803.2116943359374,1572600
2024-01-12,3644.74462890625,3728.6390065537084,3626.1014338734817,3728.6390065537084,1275400
2024-01-15,3644.74462890625,3644.74462890625,3644.74462890625,3644.74462890625,0
2024-01-16,3737.96044921875,3831.1764205209633,3616.779686525873,3635.4228807863155,1632100
2024-01-17,3887.106201171875,4008.2869700333486,3737.9606394962157,3737.9606394962157,3144000
2024-01-18,3831.176513671875,3933.7140845973995,3831.176513671875,3905.749292526802,491900
2024-01-19,3803.2119140625,3868.4630988625922,3728.6391314338234,3831.176707548254,238200
2024-01-22,3905.74951171875,3924.392707478744,3803.211935038783,3803.211935038783,927300
2024-01-23,3793.890380859375,3933.714350669917,3793.890380859375,3868.463164758331,944600
2024-01-24,3803.2119140625,3868.4630988625922,3793.8903162339157,3868.4630988625922,140200
2024-01-25,3793.890380859375,3821.8551748214836,3775.247184884636,3812.5335768341142,142100
2024-01-26,3765.925537109375,3868.463113614828,3728.6391456528463,3803.2119285659032,214300
2024-01-29,3765.925537109375,3840.498320022432,3728.6391456528463,3765.925537109375,587000
2024-01-30,3747.2822265625,3812.533409612096,3691.352641091418,3775.2470192980413,340100
2024-01-31,3915.07080078125,3915.07080078125,3355.774972098214,3355.774972098214,797300
2024-02-01,3784.568603515625,3915.070969154095,3765.9254084244153,3915.070969154095,669000
2024-02-02,3709.99609375,3840.4984689070347,3700.674495524497,3784.56887955402,1400100
2024-02-05,3682.031005859375,3747.282188241693,3607.4582259938684,3691.3526033425633,1286300
2024-02-06,3691.3525390625,3887.106082800663,3588.8149685329863,3682.030941741635,2984300
2024-02-07,3765.925537109375,3803.2119285659032,3719.3175477887144,3728.6391456528463,405600
2024-02-12,3831.176513671875,3868.4629030993387,3747.282137460082,3765.925332173814,757100
2024-02-13,3775.246826171875,3821.85481168017,3765.925229070216,3821.85481168017,316200
2024-02-15,3952.357421875,4026.9302034198113,3840.4982495577833,3840.4982495577833,6956700
2024-02-16,3971.00048828125,4017.608475232908,3887.106111768266,3961.6788908909184,2891900
2024-02-19,3775.246826171875,3980.3219624083717,3775.246826171875,3980.3219624083717,3823900
2024-02-20,3924.392822265625,3971.0008130288747,3803.212046281176,3821.8552425864755,1474600
2024-02-21,3868.462890625,3961.6788638930725,3859.141293298193,3915.0708772590365,962800
2024-02-22,3868.462890625,3933.714071912651,3859.141293298193,3868.462890625,1692600
2024-02-23,3980.322021484375,3980.3220214843745,3775.246882204149,3915.070840804303,1613000
2024-02-26,3831.176513671875,3933.7140845973995,3831.176513671875,3933.7140845973995,1487000
2024-02-27,3849.81982421875,3877.7846171307506,3821.8550313067494,3831.176628944083,1071000
2024-02-28,3961.678955078125,4036.2517354090073,3859.1413821231617,3859.1413821231617,2561700
2024-02-29,3933.714111328125,4045.573280370631,3896.4277216472897,3961.6789035887514,772800
2024-03-01,3943.03564453125,4045.5732144835993,3915.0708527260635,3933.7140472628544,558700
2024-03-04,3896.427734375,4026.9300986842104,3849.8197471217104,3933.7141241776317,1032300
2024-03-05,3896.427734375,3961.6789165296054,3877.784539473684,3905.749331825658,61000
2024-03-06,3924.392822265625,3943.0360185709246,3691.3528684493763,3896.428027807675,1440000
2024-03-07,4101.5029296875,4101.5029296875,3877.784588068182,3933.7141734730117,3788500
2024-03-08,4287.9345703125,4362.50734544837,4092.1810355808425,4092.1810355808425,9797500
2024-03-13,4176.07568359375,4287.934853690012,4110.824501037598,4287.934853690012,4118100
2024-03-14,4176.07568359375,4278.6132561819895,4017.60852595738,4176.07568359375,3527300
2024-03-15,4157.43310546875,4213.362698815863,4054.895517665709,4166.754704359936,2853000
2024-03-18,4073.538330078125,4176.075908180778,4036.2519380407966,4166.754310171446,3403200
2024-03-19,4222.68310546875,4222.68310546875,4008.286391504553,4073.5375653197434,1617100
2024-03-20,4287.9345703125,4287.9345703125,4138.789020040761,4222.683392068614,1004500
2024-03-21,4250.64892578125,4325.221713952851,4232.00572873835,4278.6137213456,592500
2024-03-22,4334.54296875,4334.54296875,4269.291784274194,4278.613382056452,2068600
2024-03-25,4334.54296875,4334.54296875,4334.54296875,4334.54296875,0
2024-03-26,4334.54296875,4334.54296875,4334.54296875,4334.54296875,0
2024-03-27,4418.4375,4465.04549050633,4371.829509493671,4371.829509493671,3503900
2024-03-28,4567.58251953125,4567.58251953125,4418.436967873086,4418.436967873086,3300100
2024-04-01,4614.19091796875,4660.798907039141,4530.296537642045,4567.582928898359,1998600
2024-04-02,4558.26123046875,4777.318774264283,4474.366851993865,4614.190816118673,4657900
2024-04-03,4707.40673828125,4754.014725788985,4539.6179832534035,4558.261178256497,1232700
2024-04-04,4660.798828125,4730.710810546875,4576.90444921875,4707.40681640625,2165800
2024-04-05,4707.40673828125,4754.014725788985,4632.833958268874,4660.798750773515,2889100
2024-04-16,4576.90478515625,4707.407161922416,4530.296793454048,4660.799170220214,2913600
2024-04-17,4437.08056640625,4623.512522977941,4390.472577263327,4567.582936006434,3595200
2024-04-18,4660.798828125,4940.4467578125,4465.04527734375,4465.04527734375,8441000
2024-04-19,4623.5126953125,4730.711074336883,4539.618311728201,4707.407078896799,1049300
2024-04-22,4754.0146484375,4800.622635186887,4595.547493489583,4651.477077588848,1650400
2024-04-23,4642.1552734375,4777.318428989395,4614.1904826336595,4777.318428989395,1628600
2024-04-24,4651.47705078125,4707.406634558179,4632.83385618894,4651.47705078125,572300
2024-04-25,4651.47705078125,4684.102641317792,4576.904272412012,4651.47705078125,1087700
2024-04-26,4651.47705078125,4684.102641317792,4604.869064300476,4651.47705078125,615600
2024-04-29,4614.19091796875,4660.798907039141,4465.045352943497,4660.798907039141,1795800
2024-04-30,4642.1552734375,4707.406451979794,4604.868885699047,4614.1904826336595,735000
2024-05-02,4623.5126953125,4651.4774898406,4520.975115376134,4623.5126953125,703300
2024-05-03,4567.58251953125,4642.155295360331,4502.331340680804,4623.512101403061,2073100
2024-05-06,4576.90478515625,4632.834375198892,4483.688801751846,4567.583186815809,2636900
2024-05-07,4643.3740234375,4671.860980636503,4576.904456639826,4633.878371037832,1428800
2024-05-08,4652.86962890625,4700.347890425702,4605.391367386798,4652.86962890625,331100
2024-05-13,4671.86083984375,4700.347796184261,4443.9651891196645,4662.365187730246,813000
2024-05-14,4819.04345703125,5056.434760333282,4624.382588323583,4671.86084898399,2684200
2024-05-15,4842.78271484375,4890.2609767539825,4771.565321978401,4819.043583888633,1198400
2024-05-16,4890.2607421875,4890.2607421875,4690.852051729369,4842.782482554611,1500600
2024-05-17,4728.83447265625,4985.2170645472515,4728.83447265625,4890.260549032066,812700
2024-05-20,4700.34765625,4795.30417455808,4614.886789772727,4728.834611742424,2220400
2024-05-21,4819.04345703125,4842.782587361453,4709.843457512315,4709.843457512315,1596100
2024-05-22,4842.78271484375,4890.2609767539825,4747.826191023284,4819.043583888633,1044800
2024-05-27,4738.33056640625,4842.782743220817,4709.843609093186,4842.782743220817,399100
2024-05-28,4771.56494140625,4842.782328591417,4709.843205845771,4738.330160719838,667900
2024-05-29,4633.8779296875,4819.043133845094,4624.382278192239,4771.564876368789,563600
2024-05-30,4842.78271484375,4842.78271484375,4462.956619561887,4633.878362438725,3037000
2024-05-31,4700.34765625,4842.782433712121,4690.852004419192,4842.782433712121,1086200
2024-06-03,4700.34765625,4771.565044981061,4652.869397095959,4747.825915404041,363400
2024-06-04,4738.33056640625,4771.565349938158,4681.356651780123,4728.834913968562,1110100
2024-06-05,4671.86083984375,4747.826056751778,4538.9217102547,4738.330404638275,1888000
2024-06-06,4690.85205078125,4795.304221952492,4614.8868353839825,4671.860746931933,1484000
2024-06-07,4662.365234375,4700.347843209012,4614.886973332485,4662.365234375,801000
2024-06-10,4728.83447265625,4890.260549032066,4652.8692602441015,4662.36491179562,1766900
2024-06-11,4728.83447265625,4747.825775759287,4709.843169553213,4738.330124207769,1521600
2024-06-12,4652.86962890625,4747.8261519451535,4586.400062779018,4690.852238121811,1408100
2024-06-13,4643.3740234375,4700.347937835506,4576.904456639826,4643.3740234375,2399000
2024-06-14,4747.826171875,4819.043564453124,4605.391386718749,4652.8696484375,3481900
2024-06-19,4747.826171875,4842.7826953124995,4709.8435625,4747.826171875,1164100
2024-06-20,4690.85205078125,4866.52161138743,4652.869443082616,4747.825962329201,1986000
2024-06-21,4795.30419921875,4866.521588316058,4690.8520285426985,4690.8520285426985,2245600
2024-06-24,4747.826171875,4795.30443359375,4690.852257812499,4795.30443359375,463300
2024-06-25,4671.86083984375,4747.826056751778,4671.86083984375,4738.330404638275,706700
2024-06-26,4700.34765625,4747.825915404041,4671.860700757576,4671.860700757576,448900
2024-06-27,4700.34765625,4719.338959911616,4690.852004419192,4700.34765625,142800
2024-06-28,4747.826171875,4747.826171875,4605.391386718749,4681.35660546875,822900
2024-07-01,4709.84375,4771.565492691532,4633.878528225807,4771.565492691532,3106400
2024-07-02,4700.34765625,4709.843308080808,4662.3650489267675,4700.34765625,1843600
2024-07-03,4671.86083984375,4719.339100411267,4643.373883503239,4719.339100411267,2078500
2024-07-04,4652.86962890625,4700.347890425702,4633.878324298469,4671.860933514031,1974000
2024-07-05,4652.86962890625,4662.36528121014,4557.913105867347,4652.86962890625,3545700
2024-07-08,4728.83447265625,4738.330124207769,4643.373608692583,4652.8692602441015,1921700
2024-07-09,4747.826171875,4747.826171875,4690.852257812499,4719.33921484375,2503500
2024-07-10,4747.826171875,4747.826171875,4700.34791015625,4747.826171875,1275500
2024-07-11,4842.78271484375,4842.78271484375,4709.843581495098,4738.330538641238,2487700
2024-07-12,4700.34765625,4890.260692866162,4700.34765625,4890.260692866162,1751800
2024-07-15,4643.3740234375,4719.339242634841,4624.382718638164,4709.843590235174,1781900
2024-07-16,4529.42626953125,4671.8610578812895,4500.9393118612425,4643.374100211281,4403900
2024-07-17,4671.86083984375,4690.852144070757,4538.9217102547,4548.417362368204,1949800
2024-07-18,4738.33056640625,4771.565349938158,4671.860999342435,4671.860999342435,1701200
2024-07-19,4700.34765625,4738.3302635732325,4690.852004419192,4738.3302635732325,309500
2024-07-22,4747.826171875,4771.565302734375,4700.34791015625,4700.34791015625,583100
2024-07-23,4771.56494140625,4795.304070467972,4652.869296097637,4652.869296097637,1422000
2024-07-24,4700.34765625,4771.565044981061,4633.878093434343,4771.565044981061,2694800
2024-07-25,4643.3740234375,4700.347937835506,4614.887066238497,4700.347937835506,1366400
2024-07-26,4747.826171875,4771.565302734375,4671.8609531249995,4690.852257812499,2406900
2024-07-29,4866.521484375,5032.695388719512,4795.304096798781,4842.782355182927,5853400
2024-07-30,5198.86962890625,5270.087021083048,4747.826145119863,4866.521798747859,10582600
2024-07-31,5032.6953125,5246.3474719929245,4985.217054834906,5246.3474719929245,3643800
2024-08-01,5032.6953125,5103.912698997642,5008.956183667453,5032.6953125,2854400
2024-08-02,5008.95654296875,5056.434804039543,4890.2608902917655,5032.695673504147,6414400
2024-08-05,4795.30419921875,5103.912885307085,4662.3650729037745,4937.738977413366,3020400
2024-08-06,4738.33056640625,4866.521874315036,4738.33056640625,4819.043612126597,1892700
2024-08-07,4771.56494140625,4890.260586714863,4728.834509095149,4738.330160719838,4130100
2024-08-08,4914.0,5032.695652173913,4795.304347826087,4795.304347826087,2315900
2024-08-09,4985.21728515625,5032.695545014881,4890.260765438988,4937.739025297619,1684000
2024-08-12,5127.65185546875,5127.65185546875,4985.2170817057295,4985.2170817057295,4229200
2024-08-13,5127.65185546875,5222.608371310764,5056.434468587239,5198.869242350261,5636800
2024-08-14,4985.21728515625,5151.391194661458,4961.478155226934,5103.912934802827,4674900
2024-08-15,4985.21728515625,5056.434674944197,4866.521635509673,5032.695545014881,2111000
2024-08-16,4937.73876953125,5008.956155630258,4890.260512131911,4961.477898230919,2451800
2024-08-19,4914.0,5008.956521739131,4842.782608695652,4914.0,2770500
2024-08-20,5056.4345703125,5080.173699750587,4842.782405369718,4913.999793683979,3716300
2024-08-21,5032.6953125,5080.173570165095,4985.217054834906,5056.434441332547,1623800
2024-08-22,4961.47802734375,5008.956285978618,4890.2606393914475,5008.956285978618,2107300
2024-08-23,5056.4345703125,5056.4345703125,4890.260664245891,4961.478052560153,2980300
2024-08-26,5127.65185546875,5127.65185546875,4985.2170817057295,5056.434468587239,7247600
2024-08-27,5056.4345703125,5127.6519586267605,5056.4345703125,5103.912829188674,3606600
2024-08-28,5032.6953125,5127.651827830189,4961.477926002359,5056.434441332547,4025200
2024-08-29,4985.21728515625,5127.652064732142,4937.739025297619,5032.695545014881,4706500
2024-08-30,4690.85205078125,5103.91290950389,4690.85205078125,4985.21726044566,28051600
2024-09-02,4890.2607421875,4985.2172614532765,4709.843355582524,4719.339007509102,3700800
2024-09-03,4747.826171875,4937.73921875,4747.826171875,4937.73921875,2583200
2024-09-04,4890.2607421875,4961.478131636833,4747.825963288835,4747.825963288835,3598400
2024-09-05,4937.73876953125,5032.695284329928,4771.5648686335635,4890.260512131911,3291500
2024-09-06,4890.2607421875,4937.739001820388,4819.043352738167,4937.739001820388,1692200
2024-09-09,4842.78271484375,4914.000107709099,4771.565321978401,4890.2609767539825,1581600
2024-09-10,4937.73876953125,5032.695284329928,4842.782254732572,4842.782254732572,2824800
2024-09-11,5103.9130859375,5127.652216569767,4914.00004087936,4937.739171511627,3920600
2024-09-12,5103.9130859375,5151.391347202035,5032.695694040697,5103.9130859375,3929200
2024-09-13,5080.173828125,5151.391218238902,5032.6955680490655,5103.912958162968,3927600
2024-09-17,5222.6083984375,5412.521431107954,5056.434494850852,5080.173623934659,7747700
2024-09-18,5198.86962890625,5246.347890357449,5103.913106003853,5246.347890357449,3575100
2024-09-19,5175.13037109375,5222.608631379014,5127.652110808486,5198.869501236382,3832900
2024-09-20,5151.39111328125,5222.608501944124,5032.6954655097925,5222.608501944124,54113300
2024-09-23,5151.39111328125,5222.608501944124,5056.434595064084,5175.130242835541,2920000
2024-09-24,5103.9130859375,5222.608739098837,5056.434824672965,5175.130477834302,1201400
2024-09-25,5103.9130859375,5103.9130859375,5056.434824672965,5080.173955305232,1145700
2024-09-26,5317.56494140625,5317.56494140625,5080.173649379186,5080.173649379186,4288600
2024-09-27,5460.0,5578.695652173913,5198.869565217392,5317.565217391305,11092700
2024-09-30,5365.04345703125,5649.913021121405,5270.086935667865,5459.999978394635,3944800
2024-10-01,5246.34765625,5365.043304581448,5175.130267251131,5317.565045248869,1867800
2024-10-02,5032.6953125,5246.3474719929245,4985.217054834906,5222.608343160377,5575400
2024-10-03,5080.173828125,5127.6520882009345,4961.478177935163,5032.6955680490655,1440200
2024-10-04,5080.173828125,5080.173828125,4961.478177935163,5080.173828125,2749200
2024-10-07,5175.13037109375,5175.13037109375,4961.478199810063,5080.173850523222,2605300
2024-10-08,5056.4345703125,5175.130217502934,5032.695440874413,5175.130217502934,1236800
2024-10-09,5198.86962890625,5198.86962890625,5032.6957138270545,5056.434844552654,1743800
2024-10-10,5127.65185546875,5222.608371310764,5103.912726508246,5198.869242350261,609500
2024-10-11,5080.173828125,5175.130348276869,5056.434698087033,5127.6520882009345,639700
2024-10-14,5080.173828125,5127.6520882009345,5032.6955680490655,5103.912958162968,195700
2024-10-15,5175.13037109375,5293.82602180691,5056.434720380591,5103.912980665855,2120200
2024-10-16,5365.04345703125,5365.04345703125,5175.13041430448,5175.13041430448,5993400
2024-10-17,5175.13037109375,5365.043412234805,5151.391240951119,5317.565151949541,1984200
2024-10-18,5317.56494140625,5436.2605874197825,5175.130166190012,5198.8692953927175,3697700
2024-10-21,5246.34765625,5412.521563914027,5198.869396917421,5365.043304581448,1754900
2024-10-22,5317.56494140625,5341.304070608957,5198.8692953927175,5246.347553798131,1678800
2024-10-23,5293.826171875,5412.521825952915,5222.608779428251,5317.565302690583,1042200
2024-10-24,5341.30419921875,5365.043328993056,5270.0868098958335,5317.565069444445,1681300
2024-10-25,5151.39111328125,5341.304149715582,5127.651983726959,5317.56502016129,603400
2024-10-28,5222.6083984375,5246.347527521307,5151.39101118608,5198.869269353693,897300
2024-10-29,5270.0869140625,5317.56517454955,5151.391262844876,5198.869523331926,1385600
2024-10-30,5270.0869140625,5317.56517454955,5151.391262844876,5270.0869140625,752700
2024-10-31,5412.521484375,5412.521484375,5198.869320518092,5246.34757915296,5385100
2024-11-01,5270.0869140625,5436.260825767174,5270.0869140625,5412.521695523649,2217400
2024-11-04,5222.6083984375,5341.304043856534,5222.6083984375,5270.086656605114,427000
2024-11-05,5270.0869140625,5270.0869140625,5127.652132601352,5222.60865357545,745200
2024-11-06,5246.34765625,5270.08678591629,5080.173748585973,5270.08678591629,659300
2024-11-07,5056.4345703125,5246.347605817195,5056.4345703125,5151.391088064847,1411300
2024-11-08,5198.86962890625,5246.347890357449,5056.434844552654,5056.434844552654,401900
2024-11-11,5103.9130859375,5246.347869731105,5056.434824672965,5175.130477834302,3532800
2024-11-12,5270.0869140625,5270.0869140625,5103.913002357826,5127.652132601352,686200
2024-11-13,5246.34765625,5293.825915582579,5127.652007918552,5175.130267251131,999600
2024-11-14,5293.826171875,5293.826171875,5175.130517797085,5246.347910243834,1026500
2024-11-15,5270.0869140625,5412.521695523649,5151.391262844876,5293.826044306025,1177000
2024-11-18,5293.826171875,5317.565302690583,5175.130517797085,5270.087041059417,852100
2024-11-19,5222.6083984375,5317.564914772727,5198.869269353693,5293.82578568892,1312700
2024-11-20,5198.86962890625,5270.087021083048,5151.391367455051,5175.130498180651,1577300
2024-11-21,5056.4345703125,5198.869346941021,5056.4345703125,5198.869346941021,734700
2024-11-22,5032.6953125,5151.390956662736,4985.217054834906,5056.434441332547,1258400
2024-11-25,5222.6083984375,5222.6083984375,5032.695365767046,5032.695365767046,1207600
2024-11-26,5056.4345703125,5246.347605817195,5056.4345703125,5246.347605817195,934600
2024-11-28,5080.173828125,5198.869478314837,5056.434698087033,5127.6520882009345,226300
2024-11-29,5317.56494140625,5317.56494140625,5103.912778581892,5127.651907784599,1490200
2024-12-02,5222.6083984375,5341.304043856534,5198.869269353693,5317.564914772727,249600
2024-12-03,5222.6083984375,5317.564914772727,5175.130140269886,5293.82578568892,1282800
2024-12-04,5080.173828125,5246.347738390771,5080.173828125,5198.869478314837,1802900
2024-12-05,5198.86962890625,5222.608759631849,5127.652236729452,5151.391367455051,1018100
2024-12-06,5103.9130859375,5222.608739098837,5103.9130859375,5198.86960846657,698100
2024-12-09,5151.39111328125,5175.130242835541,5080.173724618376,5127.651983726959,1237200
2024-12-10,5175.13037109375,5222.608631379014,5103.912980665855,5151.391240951119,2223100
2024-12-11,5008.95654296875,5175.130456716528,4985.217412433353,5127.6521956457345,2607800
2024-12-12,4937.73876953125,5080.173541729267,4890.260512131911,4985.217026930589,2173900
2024-12-13,4914.0,5008.956521739131,4890.260869565218,4937.739130434783,1740100
2024-12-16,4747.826171875,4937.73921875,4728.8348671875,4914.000087890625,2121700
2024-12-17,4866.521484375,4937.73887195122,4795.304096798781,4819.043225990854,1069600
2024-12-18,4795.30419921875,4913.9998477142635,4728.834636061262,4866.521588316058,1799200
2024-12-19,4747.826171875,4842.7826953124995,4700.34791015625,4795.30443359375,2611400
2024-12-20,4747.826171875,4819.043564453124,4738.33051953125,4738.33051953125,1209500
2024-12-23,4709.84375,4795.304624495968,4700.348097278226,4747.826360887097,1473700
2024-12-24,4700.34765625,4738.3302635732325,4690.852004419192,4719.338959911616,309000
2024-12-27,4728.83447265625,4747.825775759287,4643.373608692583,4709.843169553213,1632500
2024-12-30,5127.65185546875,5127.65185546875,4652.869276258681,4728.834488932292,1855300
2025-01-02,4671.86083984375,4937.739099021849,4671.86083984375,4937.739099021849,2830000
2025-01-03,4652.86962890625,4700.347890425702,4643.37397660236,4700.347890425702,2785600
2025-01-06,4747.826171875,4747.826171875,4614.8870390625,4662.36530078125,1073800
2025-01-07,4709.84375,4747.826360887097,4624.382875504032,4747.826360887097,1264300
2025-01-08,4719.3388671875,4719.3388671875,4595.895395812374,4700.347563899019,1316000
2025-01-09,4747.826171875,4747.826171875,4652.8696484375,4700.34791015625,592400
2025-01-10,4747.826171875,4795.30443359375,4681.35660546875,4681.35660546875,356600
2025-01-13,4719.3388671875,4747.825822120221,4652.869305677817,4747.825822120221,578000
2025-01-14,4368.0,4614.886956521739,4273.04347826087,4273.04347826087,6542700
2025-01-15,4311.0263671875,4405.982895099119,4225.565492067043,4405.982895099119,3491000
2025-01-16,4330.017578125,4368.000188459429,4254.05235745614,4320.521925541392,5783400
2025-01-17,4339.51318359375,4462.956665840399,4320.521878632727,4330.017531113239,3668000
2025-01-20,4320.521484375,4358.504090831044,4301.530181146978,4339.512787603022,5929100
2025-01-21,4424.97412109375,4453.461078954869,4273.043679167785,4330.017594890021,3866000
2025-01-22,4510.4345703125,4614.8867393092105,4415.478053042763,4424.973704769736,2188200
2025-01-23,4557.9130859375,4595.895694986979,4396.486997477214,4510.434824625651,1278200
2025-01-24,4576.904296875,4586.399948943205,4500.939080329357,4557.912992738589,312700
2025-01-30,4567.40869140625,4633.87825656185,4481.9478219204775,4576.904343571336,1268600
2025-01-31,4662.365234375,4747.826104251528,4538.92175566446,4576.904364498472,3631900
2025-02-03,4643.3740234375,4700.347937835506,4567.408804240158,4662.365328236835,2914900
2025-02-04,4795.30419921875,4842.782458616955,4643.373769144493,4643.373769144493,925000
2025-02-05,4681.3564453125,4819.043399586397,4662.365141274721,4819.043399586397,1135500
2025-02-06,4662.365234375,4719.3391476260185,4624.382625540988,4700.347843209012,1160400
2025-02-07,4747.826171875,4795.30443359375,4652.8696484375,4662.36530078125,692400
2025-02-10,4738.33056640625,4771.565349938158,4652.869694467059,4747.826218843938,602100
2025-02-11,4747.826171875,4795.30443359375,4719.33921484375,4738.33051953125,736900
2025-02-12,4738.33056640625,4795.304481032377,4690.85230421781,4747.826218843938,2050900
2025-02-13,4747.826171875,4795.30443359375,4652.8696484375,4771.565302734375,603800
2025-02-14,4652.86962890625,4747.8261519451535,4614.887019690689,4662.36528121014,516400
2025-02-17,4557.9130859375,4652.869608561198,4462.956563313802,4643.373956298828,1064800
2025-02-18,4605.39111328125,4624.382416841173,4529.425899041559,4567.408506161405,695400
2025-02-19,4500.93896484375,4605.3911349139635,4434.469402071796,4605.3911349139635,2394400
2025-02-20,4462.95654296875,4500.939151845079,4386.99132521609,4500.939151845079,5125300
2025-02-21,4424.97412109375,4529.426299917852,4405.9828158530045,4462.956731575241,5139700
2025-02-24,4368.0,4453.460869565218,4320.521739130435,4415.478260869565,1805400
2025-02-25,4311.0263671875,4386.991589516795,4225.565492067043,4368.000283934472,3784400
2025-02-26,4178.0869140625,4330.017347301136,4121.113001598012,4311.026043146307,3497300
2025-02-27,4130.6083984375,4178.086655890805,4054.6431865122127,4178.086655890805,2385100
2025-02-28,4330.017578125,4330.017578125,4007.1653902823464,4121.1132212856355,4656700
2025-03-03,4216.06982421875,4358.504615577492,4216.06982421875,4330.017657305743,1581800
2025-03-04,4102.12158203125,4273.043314615885,4064.13897479022,4273.043314615885,1149200
2025-03-05,4273.04345703125,4301.5304134114585,4083.130414496528,4102.121718750001,3042400
2025-03-06,4320.521484375,4330.017135989011,4225.56496823489,4273.043226304945,1446900
2025-03-07,4368.0,4368.0,4273.04347826087,4320.521739130435,480000
2025-03-10,4263.5478515625,4368.000026099666,4187.582633717288,4368.000026099666,1555600
2025-03-11,4235.06103515625,4282.539297882217,4149.60016224951,4235.06103515625,960900
2025-03-12,4187.5830078125,4273.0438855229595,4187.5830078125,4235.0612732071995,454800
2025-03-13,4178.0869140625,4216.069522372159,4130.608653675426,4187.582566139915,383700
2025-03-14,4130.6083984375,4178.086655890805,4130.6083984375,4159.095352909482,234200
2025-03-17,4045.14794921875,4140.104473848298,4035.6522967557953,4140.104473848298,279900
2025-03-18,3969.182373046875,4073.6345407586346,3969.1823730468745,4054.6432375383147,676000
2025-03-19,3826.747802734375,3969.182584473868,3741.2869336906792,3969.182584473868,2801900
2025-03-20,3826.747802734375,3864.73041119824,3703.3043252268144,3845.739106966307,2921400
2025-03-21,3826.747802734375,3826.747802734375,3693.8086731108483,3826.747802734375,6249700
2025-03-24,3826.747802734375,3912.2086717780708,3779.269542154544,3826.747802734375,2060400
2025-03-25,3874.22607421875,3950.191291360294,3750.782596363741,3826.747813505285,635600
2025-03-26,3978.67822265625,4035.652135152521,3864.730397663708,3874.2260497464204,2030400
2025-03-27,4311.0263671875,4311.0263671875,3912.2089499587,4035.652436243805,2847400
2025-04-08,4121.11328125,4225.565461189516,3902.7132686491937,4035.652406754032,3069500
2025-04-09,4092.626220703125,4178.0870930611945,4007.165348345055,4111.617525671585,2024200
2025-04-10,4216.06982421875,4339.513310062993,4092.626338374507,4178.087213189752,1321600
2025-04-11,3988.173828125,4197.078171502976,3988.173828125,4187.58251953125,713100
2025-04-14,4140.1044921875,4140.1044921875,3988.1740521072247,4026.156662127293,693600
2025-04-15,4035.652099609375,4159.095575597426,4035.652099609375,4140.104271599264,405500
2025-04-16,4054.6435546875,4121.113121157787,4007.1652929230095,4045.147902334602,529500
2025-04-17,4007.165283203125,4178.087025140699,4007.165283203125,4178.087025140699,420500
2025-04-21,3912.208740234375,4045.147872184087,3893.2174356701307,4016.6609153377203,1589100
2025-04-22,3921.704345703125,3969.1826065469886,3893.2173891968073,3912.2086935343523,1944100
2025-04-23,4225.56494140625,4254.051896067415,3921.704091687149,3921.704091687149,4105900
2025-04-24,4301.5302734375,4434.469398885899,4225.565058895557,4282.538969802014,2584700
2025-04-25,4424.97412109375,4462.956731575241,4330.017594890021,4330.017594890021,2439200
2025-04-28,4586.39990234375,4624.382510230655,4481.9477306547615,4624.382510230655,2933200
2025-04-29,4635.39990234375,4703.99990089852,4556.999903995441,4703.99990089852,3026300
2025-04-30,4488.39990234375,4635.399899145401,4409.999904049536,4635.399899145401,5042000
2025-05-02,4410.0,4498.2,4331.6,4488.4,2472800
2025-05-05,4400.2001953125,4459.000197922467,4331.60019226754,4459.000197922467,1821800
2025-05-06,4390.39990234375,4458.999900817871,4380.599902561733,4400.199902125767,1577000
2025-05-07,4351.2001953125,4410.000197951858,4351.2001953125,4400.200197511966,1315600
2025-05-08,4341.39990234375,4390.399901241535,4282.599903666408,4390.399901241535,2638100
2025-05-09,4312.0,4341.4,4272.8,4341.4,622800
2025-05-14,4312.0,4341.4,4174.8,4312.0,2134300
2025-05-15,4400.2001953125,4429.600196617484,4312.00019139755,4312.00019139755,1660700
2025-05-16,4410.0,4429.6,4321.8,4410.0,3112600
2025-05-19,4615.80029296875,4664.800296078822,4390.4002786624205,4410.000279906449,5727700
2025-05-20,4527.60009765625,4645.200100192776,4439.400095753856,4625.600099770021,7820600
2025-05-21,4782.39990234375,4821.599901543289,4507.999907946977,4556.999906946401,6997700
2025-05-22,4880.39990234375,5291.999894107681,4674.5999064617845,4782.399904304719,14353700
2025-05-23,4802.0,4831.4,4792.2,4811.8,2990900
2025-05-26,4704.0,4802.0,4615.8,4802.0,1568500
2025-05-27,4625.60009765625,4704.000099311441,4478.600094552768,4694.200099104542,4876000
2025-05-28,4782.39990234375,4782.39990234375,4468.799908747438,4615.799905745709,9104000
2025-06-02,4557.0,4772.6,4508.0,4772.6,7809900
2025-06-03,4557.0,4596.2,4468.8,4557.0,1879200
2025-06-04,4723.60009765625,4743.200098061463,4537.40009380673,4557.000094211942,3579300
2025-06-05,4704.0,4743.2,4615.8,4723.6,1819300
2025-06-10,4704.0,4772.6,4596.2,4704.0,1680800
2025-06-11,4753.0,4802.0,4596.2,4704.0,2749700
2025-06-12,4782.39990234375,4792.199902143635,4703.999903944672,4752.999902944096,2216800
2025-06-13,4684.39990234375,4782.399900300732,4635.399903365259,4782.399900300732,2250400
2025-06-16,4733.39990234375,4733.39990234375,4664.799903759058,4684.399903354684,1400300
2025-06-17,4733.39990234375,4782.399901332816,4694.199903152497,4743.199902141563,829700
2025-06-18,4733.39990234375,4821.599900524068,4625.599904567805,4772.599901535003,2085100
2025-06-19,4615.80029296875,4733.4003004329215,4606.0002923467355,4733.4003004329215,992300
2025-06-20,4557.0,4645.2,4557.0,4615.8,9046900
2025-06-23,4439.39990234375,4596.199898894522,4439.39990234375,4537.399900187983,1815400
2025-06-24,4596.2001953125,4645.200197394723,4459.000189482276,4459.000189482276,1682000
2025-06-25,4606.0,4645.2,4557.0,4615.8,4342600
2025-06-26,4674.60009765625,4674.60009765625,4606.00009622314,4606.00009622314,960100
2025-06-30,4772.60009765625,4831.400098859407,4645.20009504941,4694.200096052041,3328300
2025-07-01,4615.80029296875,4792.200304165008,4615.80029296875,4782.400303542993,392100
2025-07-02,4713.80029296875,4772.600296623246,4606.000286268842,4635.400288096089,1428500
2025-07-03,4743.2001953125,4782.400196926653,4694.200193294809,4713.800194101885,1379500
2025-07-04,4753.0,4792.2,4684.4,4772.6,1366400
2025-07-07,4635.39990234375,4752.999899866213,4615.799902756673,4694.199901104981,685900
2025-07-08,4606.0,4694.2,4606.0,4635.4,3375900
2025-07-09,4606.0,4694.2,4606.0,4645.2,1913900
2025-07-10,4625.60009765625,4655.000098276946,4586.400096828655,4655.000098276946,2050100
2025-07-11,4635.39990234375,4645.1999021372885,4605.999902963134,4635.39990234375,1554500
2025-07-14,4606.0,4664.8,4606.0,4635.4,1851500
2025-07-15,4635.39990234375,4664.799901724366,4605.999902963134,4615.799902756673,2291700
2025-07-16,4557.0,4635.4,4547.2,4635.4,2962100
2025-07-17,4655.0,4655.0,4557.0,4557.0,840100
2025-07-18,4606.0,4674.6,4606.0,4674.6,756900
2025-07-21,4439.39990234375,4605.999898678946,4400.199903206057,4605.999898678946,6407800
2025-07-22,4508.0,4508.0,4390.4,4439.4,2734100
2025-07-23,4606.0,4606.0,4419.8,4508.0,1413300
2025-07-24,4508.0,4557.0,4478.6,4527.6,1031400
2025-07-25,4547.2001953125,4547.2001953125,4488.400192786908,4517.800194049703,1434000
2025-07-28,4655.0,4713.8,4517.8,4527.6,1901500
2025-07-29,4851.0,4900.0,4704.0,4704.0,10783200
2025-07-30,4900.0,5047.0,4802.0,4870.6,7699600
2025-07-31,4890.2001953125,4998.000199617986,4831.4001929640535,4900.000195703908,2978300
2025-08-01,4949.0,5071.5,4880.4,4890.2,1998500
2025-08-04,4973.5,5071.5,4924.5,4949.0,1809500
2025-08-05,4924.5,5022.5,4860.8,4998.0,816800
2025-08-06,4998.0,4998.0,4860.8,4924.5,1683900
2025-08-07,4890.2001953125,5022.500200596505,4841.200193355461,5022.500200596505,1766700
2025-08-08,4900.0,4973.5,4870.6,4900.0,673300
2025-08-11,4900.0,4949.0,4870.6,4900.0,602400
2025-08-12,4900.0,4973.5,4851.0,4900.0,496100
2025-08-13,4821.60009765625,4900.000099244156,4772.6000966638085,4900.000099244156,589700
2025-08-14,4792.2001953125,4841.20019730956,4792.2001953125,4821.600196510736,1150100
2025-08-15,4860.80029296875,4890.200294740739,4792.20028883411,4802.000289424774,775000
2025-08-19,4782.39990234375,4948.99989894179,4752.999902944096,4899.999899942367,2771200
2025-08-20,4831.39990234375,4870.599901551407,4713.799904720779,4870.599901551407,950300
2025-08-21,4772.60009765625,4831.400098859407,4733.400096854146,4831.400098859407,1175000
2025-08-22,4870.60009765625,4890.200098049233,4772.600095691336,4772.600095691336,839900
2025-08-25,4733.39990234375,4899.999898906573,4733.39990234375,4870.599899513134,1581100
2025-08-26,4802.0,4880.4,4733.4,4733.4,967800
2025-08-27,4802.0,4860.8,4802.0,4860.8,209000
2025-08-28,4713.80029296875,4860.80030210499,4674.600290532419,4860.80030210499,1713800
2025-08-29,4900.0,4998.0,4704.0,4704.0,3961700
2025-09-01,4762.80029296875,4841.200297791281,4615.800283926505,4831.400297188465,6463800
2025-09-02,4762.80029296875,4782.400294174383,4713.800289954668,4762.80029296875,7626900
2025-09-03,4851.0,4860.8,4743.2,4762.8,926200
2025-09-04,4880.39990234375,4880.39990234375,4782.399904304719,4850.999902932041,374900
2025-09-08,4821.60009765625,4890.200099045668,4821.60009765625,4880.40009884718,276900
2025-09-09,4655.0,4704.0,4586.4,4704.0,9499000
2025-09-10,4713.80029296875,4792.200297841411,4576.600284441593,4635.400288096089,5542100
2025-09-11,4704.0,4753.0,4655.0,4713.8,895900
2025-09-12,4704.0,4704.0,4684.4,4704.0,8417400
2025-09-15,4743.2001953125,4753.000195716038,4674.600192487732,4743.2001953125,872600
2025-09-16,4743.2001953125,4782.400196926653,4684.40019289127,4782.400196926653,518900
2025-09-17,4704.0,4782.4,4655.0,4743.2,1783900
2025-09-18,4723.60009765625,4753.0000982640695,4655.000096238006,4713.8000974536435,967400
2025-09-19,4743.2001953125,4743.2001953125,4625.6001904700415,4723.600194505423,1910400
2025-09-22,4733.39990234375,4801.999900928442,4703.999902950311,4743.199902141563,486400
2025-09-23,4704.0,4743.2,4704.0,4733.4,557900
2025-09-24,4713.80029296875,4762.800296014163,4655.000289314255,4704.000292359668,2192800
2025-09-25,4508.0,4704.0,4419.8,4704.0,2544100
2025-09-26,4517.80029296875,4625.6002999593275,4331.600280894116,4547.2002948752715,7071900
2025-09-29,4498.2001953125,4527.600196589052,4459.00019361043,4508.000195738017,1508300
2025-09-30,4508.0,4566.8,4468.8,4498.2,2204100
2025-10-01,4380.60009765625,4508.000100496365,4380.60009765625,4508.000100496365,1582300
2025-10-02,4380.60009765625,4429.600098748602,4272.8000952530765,4390.400097874721,2138000
2025-10-03,4439.39990234375,4468.79990169702,4380.59990363721,4390.399903421633,766000
2025-10-06,4586.39990234375,4605.999901926416,4488.399904430422,4507.999904013088,2217200
2025-10-07,4635.39990234375,4645.1999021372885,4449.199906266516,4586.3999033760565,1158600
2025-10-08,4586.39990234375,4645.199901091747,4576.599902552417,4635.399901300414,436200
2025-10-09,4674.60009765625,4674.60009765625,4547.200094994759,4586.400095813679,1085300
2025-10-10,4557.0,4674.6,4537.4,4674.6,920600
2025-10-13,4606.0,4664.8,4517.8,4557.0,1568400
2025-10-14,4459.0,4625.6,4429.6,4606.0,1455700
2025-10-15,4900.0,4900.0,4410.0,4508.0,7089300
2025-10-16,4973.5,5047.0,4713.8,4900.0,8282400
2025-10-17,4900.0,5047.0,4821.6,4973.5,3283000
2025-10-20,5050.0,5050.0,4900.0,4950.0,2491500
2025-10-21,5000.0,5025.0,4930.0,5025.0,3090300
2025-10-22,5000.0,5125.0,4990.0,5000.0,1742100
2025-10-23,5150.0,5200.0,5050.0,5050.0,2149300
2025-10-24,5150.0,5200.0,5000.0,5200.0,2013500
2025-10-27,5125.0,5175.0,5025.0,5150.0,1337500
2025-10-28,5200.0,5350.0,5150.0,5150.0,3975100
2025-10-29,5225.0,5275.0,5200.0,5250.0,207000
